pred_date,target_date,split,n_positions,mean_conf_direction,gross_return_pct,transaction_cost_pct,net_return_pct,daily_net_profit,cumulative_net_profit,equity
2025-05-09,2025-05-12,test,17,0.824968,5.032541,0.15,4.882541,48825.41,48825.41,1048825.41
2025-05-12,2025-05-13,test,25,0.842295,0.007772,0.15,-0.142228,-1491.72,47333.69,1047333.69
2025-05-13,2025-05-14,test,14,0.831418,0.945957,0.15,0.795957,8336.33,55670.02,1055670.02
2025-05-14,2025-05-15,test,14,0.825925,0.684029,0.15,0.534029,5637.58,61307.6,1061307.6
2025-05-15,2025-05-16,test,11,0.824285,0.802291,0.15,0.652291,6922.81,68230.41,1068230.41
2025-05-16,2025-05-19,test,14,0.825917,0.568629,0.15,0.418629,4471.92,72702.33,1072702.33
2025-05-19,2025-05-20,test,25,0.82114,0.487592,0.15,0.337592,3621.36,76323.68,1076323.68
2025-05-20,2025-05-21,test,4,0.830239,0.7127,0.15,0.5627,6056.47,82380.16,1082380.16
2025-05-21,2025-05-22,test,10,0.825548,-0.05372,0.15,-0.20372,-2205.02,80175.13,1080175.13
2025-05-22,2025-05-23,test,8,0.828752,0.240675,0.15,0.090675,979.45,81154.58,1081154.58
2025-05-23,2025-05-26,test,3,0.830102,0.425167,0.15,0.275167,2974.98,84129.56,1084129.56
2025-05-26,2025-05-27,test,10,0.829665,-0.09502,0.15,-0.24502,-2656.33,81473.22,1081473.22
2025-05-27,2025-05-28,test,7,0.816525,0.6251,0.15,0.4751,5138.08,86611.3,1086611.3
2025-05-28,2025-05-29,test,7,0.827867,0.661357,0.15,0.511357,5556.46,92167.77,1092167.77
2025-05-29,2025-05-30,test,14,0.821875,-0.611986,0.15,-0.761986,-8322.16,83845.6,1083845.6
2025-05-30,2025-06-02,test,1,0.80854,-0.4196,0.15,-0.5696,-6173.58,77672.02,1077672.02
2025-06-02,2025-06-03,test,16,0.817711,0.204469,0.15,0.054469,586.99,78259.01,1078259.01
2025-06-03,2025-06-04,test,6,0.826673,0.966983,0.15,0.816983,8809.2,87068.21,1087068.21
2025-06-04,2025-06-05,test,5,0.826321,0.41912,0.15,0.26912,2925.52,89993.73,1089993.73
2025-06-05,2025-06-06,test,22,0.817189,0.602359,0.15,0.452359,4930.69,94924.41,1094924.41
2025-06-06,2025-06-09,test,23,0.817388,0.633883,0.15,0.483883,5298.15,100222.56,1100222.56
2025-06-09,2025-06-10,test,25,0.823495,0.582344,0.15,0.432344,4756.75,104979.31,1104979.31
2025-06-10,2025-06-11,test,10,0.818862,0.45238,0.15,0.30238,3341.24,108320.55,1108320.55
2025-06-11,2025-06-12,test,16,0.817134,0.350719,0.15,0.200719,2224.61,110545.15,1110545.15
2025-06-12,2025-06-13,test,1,0.824537,-1.4749,0.15,-1.6249,-18045.25,92499.91,1092499.91
2025-06-13,2025-06-16,test,12,0.817798,0.1701,0.15,0.0201,219.59,92719.5,1092719.5
2025-06-16,2025-06-17,test,6,0.834749,-1.043467,0.15,-1.193467,-13041.24,79678.25,1079678.25
2025-06-17,2025-06-18,test,2,0.885737,1.48355,0.15,1.33355,14398.05,94076.3,1094076.3
2025-06-18,2025-06-19,test,2,0.839729,1.53335,0.15,1.38335,15134.9,109211.21,1109211.21
2025-06-19,2025-06-20,test,1,0.817026,0.316,0.15,0.166,1841.29,111052.5,1111052.5
2025-06-20,2025-06-23,test,4,0.852476,-0.4453,0.15,-0.5953,-6614.1,104438.4,1104438.4
2025-06-23,2025-06-24,test,9,0.825063,0.917411,0.15,0.767411,8475.58,112913.99,1112913.99
2025-06-24,2025-06-25,test,6,0.826549,0.546433,0.15,0.396433,4411.96,117325.95,1117325.95
2025-06-25,2025-06-26,test,5,0.818239,0.34066,0.15,0.19066,2130.29,119456.24,1119456.24
2025-06-26,2025-06-27,test,1,0.821796,0.1381,0.15,-0.0119,-133.22,119323.03,1119323.03
2025-06-27,2025-06-30,test,6,0.830136,1.1748,0.15,1.0248,11470.82,130793.85,1130793.85
2025-06-30,2025-07-01,test,9,0.822683,0.144633,0.15,-0.005367,-60.69,130733.16,1130733.16
2025-07-01,2025-07-02,test,25,0.817527,0.25796,0.15,0.10796,1220.74,131953.9,1131953.9
2025-07-02,2025-07-03,test,13,0.820228,0.148308,0.15,-0.001692,-19.16,131934.75,1131934.75
2025-07-03,2025-07-04,test,7,0.815244,0.435471,0.15,0.285471,3231.35,135166.1,1135166.1
2025-07-04,2025-07-07,test,7,0.823261,0.164843,0.15,0.014843,168.49,135334.59,1135334.59
2025-07-07,2025-07-08,test,4,0.820921,0.155725,0.15,0.005725,65.0,135399.59,1135399.59
2025-07-08,2025-07-09,test,9,0.823163,0.087711,0.15,-0.062289,-707.23,134692.36,1134692.36
2025-07-09,2025-07-10,test,14,0.819408,0.26305,0.15,0.11305,1282.77,135975.13,1135975.13
2025-07-10,2025-07-11,test,6,0.829639,1.69585,0.15,1.54585,17560.47,153535.6,1153535.6
2025-07-11,2025-07-14,test,4,0.83054,0.059475,0.15,-0.090525,-1044.24,152491.36,1152491.36
2025-07-14,2025-07-15,test,7,0.818679,0.070814,0.15,-0.079186,-912.61,151578.75,1151578.75
2025-07-15,2025-07-16,test,11,0.818242,0.189545,0.15,0.039545,455.4,152034.15,1152034.15
2025-07-16,2025-07-17,test,3,0.816054,0.437467,0.15,0.287467,3311.71,155345.86,1155345.86
2025-07-17,2025-07-18,test,5,0.810362,0.32372,0.15,0.17372,2007.07,157352.93,1157352.93
2025-07-18,2025-07-21,test,1,0.858893,-0.3886,0.15,-0.5386,-6233.5,151119.43,1151119.43
2025-07-21,2025-07-22,test,12,0.83026,1.21275,0.15,1.06275,12233.52,163352.95,1163352.95
2025-07-22,2025-07-23,test,15,0.829728,0.368007,0.15,0.218007,2536.19,165889.14,1165889.14
2025-07-23,2025-07-24,test,5,0.830041,0.51452,0.15,0.36452,4249.9,170139.04,1170139.04
2025-07-24,2025-07-25,test,25,0.847015,0.036844,0.15,-0.113156,-1324.08,168814.95,1168814.95
2025-07-25,2025-07-28,test,3,0.835534,-0.012333,0.15,-0.162333,-1897.38,166917.58,1166917.58
2025-07-28,2025-07-29,test,3,0.840941,0.240767,0.15,0.090767,1059.17,167976.75,1167976.75
2025-07-29,2025-07-30,test,7,0.827108,0.438443,0.15,0.288443,3368.95,171345.69,1171345.69
2025-07-30,2025-07-31,test,3,0.833388,-1.4023,0.15,-1.5523,-18182.8,153162.9,1153162.9
2025-07-31,2025-08-01,test,5,0.822206,0.19362,0.15,0.04362,503.01,153665.91,1153665.91
2025-08-01,2025-08-04,test,4,0.844151,1.03835,0.15,0.88835,10248.59,163914.5,1163914.5
2025-08-04,2025-08-05,test,15,0.826142,0.683147,0.15,0.533147,6205.37,170119.87,1170119.87
2025-08-05,2025-08-06,test,3,0.853259,-0.0568,0.15,-0.2068,-2419.81,167700.06,1167700.06
2025-08-06,2025-08-07,test,4,0.846408,-0.84825,0.15,-0.99825,-11656.57,156043.49,1156043.49
2025-08-07,2025-08-08,test,9,0.8332,0.7506,0.15,0.6006,6943.2,162986.69,1162986.69
2025-08-08,2025-08-11,test,2,0.866023,0.6191,0.15,0.4691,5455.57,168442.26,1168442.26
2025-08-11,2025-08-12,test,10,0.834243,0.44878,0.15,0.29878,3491.07,171933.33,1171933.33
2025-08-12,2025-08-13,test,2,0.816313,0.47955,0.15,0.32955,3862.11,175795.44,1175795.44
2025-08-13,2025-08-14,test,5,0.839127,1.61142,0.15,1.46142,17183.31,192978.75,1192978.75
2025-08-14,2025-08-18,test,1,0.856212,1.626,0.15,1.476,17608.37,210587.12,1210587.12
2025-08-18,2025-08-19,test,25,0.821072,0.313424,0.15,0.163424,1978.39,212565.51,1212565.51
2025-08-19,2025-08-20,test,7,0.835716,0.191857,0.15,0.041857,507.55,213073.05,1213073.05
2025-08-20,2025-08-21,test,12,0.818177,0.635525,0.15,0.485525,5889.77,218962.82,1218962.82
2025-08-21,2025-08-22,test,4,0.823663,0.713,0.15,0.563,6862.76,225825.58,1225825.58
2025-08-22,2025-08-25,test,0,0.0,0.0,0.0,0.0,0.0,225825.58,1225825.58
2025-08-25,2025-08-26,test,4,0.814259,-0.87185,0.15,-1.02185,-12526.1,213299.49,1213299.49
2025-08-26,2025-08-28,test,2,0.871785,0.79875,0.15,0.64875,7871.28,221170.77,1221170.77
2025-08-28,2025-08-29,test,0,0.0,0.0,0.0,0.0,0.0,221170.77,1221170.77
2025-08-29,2025-09-01,test,1,0.806299,1.0786,0.15,0.9286,11339.79,232510.56,1232510.56
2025-09-01,2025-09-02,test,9,0.822368,0.449533,0.15,0.299533,3691.78,236202.34,1236202.34
2025-09-02,2025-09-03,test,2,0.842422,0.0768,0.15,-0.0732,-904.9,235297.44,1235297.44
2025-09-03,2025-09-04,test,2,0.850804,1.20455,0.15,1.05455,13026.83,248324.27,1248324.27
2025-09-04,2025-09-05,test,4,0.822052,0.44365,0.15,0.29365,3665.7,251989.97,1251989.97
2025-09-05,2025-09-08,test,1,0.835591,3.0429,0.15,2.8929,36218.82,288208.79,1288208.79
2025-09-08,2025-09-09,test,2,0.845884,0.2141,0.15,0.0641,825.74,289034.53,1289034.53
2025-09-09,2025-09-10,test,4,0.812269,0.600425,0.15,0.450425,5806.13,294840.66,1294840.66
2025-09-10,2025-09-11,test,14,0.820106,0.965093,0.15,0.815093,10554.15,305394.82,1305394.82
2025-09-11,2025-09-12,test,2,0.854185,0.4619,0.15,0.3119,4071.53,309466.34,1309466.34
2025-09-12,2025-09-15,test,2,0.87274,1.3865,0.15,1.2365,16191.55,325657.9,1325657.9
2025-09-15,2025-09-16,test,3,0.829658,0.6278,0.15,0.4778,6333.99,331991.89,1331991.89
2025-09-16,2025-09-17,test,3,0.828309,0.3929,0.15,0.2429,3235.41,335227.3,1335227.3
2025-09-17,2025-09-18,test,4,0.820427,0.1231,0.15,-0.0269,-359.18,334868.12,1334868.12
2025-09-18,2025-09-19,test,3,0.838994,0.376133,0.15,0.226133,3018.58,337886.7,1337886.7
2025-09-19,2025-09-22,test,4,0.851546,0.654025,0.15,0.504025,6743.28,344629.99,1344629.99
2025-09-22,2025-09-23,test,9,0.822647,0.308089,0.15,0.158089,2125.71,346755.7,1346755.7
2025-09-23,2025-09-24,test,2,0.840946,0.23815,0.15,0.08815,1187.17,347942.86,1347942.86
2025-09-24,2025-09-25,test,5,0.820918,0.23488,0.15,0.08488,1144.13,349087.0,1349087.0
2025-09-25,2025-09-26,test,2,0.857486,1.19185,0.15,1.04185,14055.46,363142.46,1363142.46
2025-09-26,2025-09-29,test,1,0.875443,0.4988,0.15,0.3488,4754.64,367897.1,1367897.1
2025-09-29,2025-09-30,test,3,0.864717,0.567933,0.15,0.417933,5716.9,373614.0,1373614.0
2025-09-30,2025-10-01,test,1,0.84406,0.492,0.15,0.342,4697.76,378311.76,1378311.76
2025-10-01,2025-10-03,test,2,0.839571,0.3005,0.15,0.1505,2074.36,380386.12,1380386.12
2025-10-03,2025-10-06,test,2,0.863032,0.73695,0.15,0.58695,8102.18,388488.29,1388488.29
2025-10-06,2025-10-07,test,6,0.834502,0.239467,0.15,0.089467,1242.23,389730.53,1389730.53
2025-10-07,2025-10-08,test,3,0.856799,0.773,0.15,0.623,8658.02,398388.55,1398388.55
2025-10-08,2025-10-09,test,2,0.820203,0.2103,0.15,0.0603,843.23,399231.78,1399231.78
2025-10-09,2025-10-10,test,7,0.826358,0.135814,0.15,-0.014186,-198.49,399033.29,1399033.29
2025-10-10,2025-10-13,test,1,0.814704,0.0342,0.15,-0.1158,-1620.08,397413.21,1397413.21
2025-10-13,2025-10-14,test,3,0.829166,1.094967,0.15,0.944967,13205.09,410618.29,1410618.29
2025-10-14,2025-10-15,test,2,0.835761,0.36875,0.15,0.21875,3085.73,413704.02,1413704.02
2025-10-15,2025-10-16,test,3,0.852945,0.386433,0.15,0.236433,3342.47,417046.49,1417046.49
2025-10-16,2025-10-17,test,3,0.819959,0.4017,0.15,0.2517,3566.71,420613.2,1420613.2
2025-10-17,2025-10-20,test,2,0.838394,1.89945,0.15,1.74945,24852.92,445466.11,1445466.11
2025-10-20,2025-10-21,test,7,0.830655,0.655043,0.15,0.505043,7300.22,452766.34,1452766.34
2025-10-23,2025-10-24,test,1,0.846251,0.0,0.15,-0.15,-2179.15,450587.19,1450587.19
2025-10-24,2025-10-27,test,3,0.843635,0.443833,0.15,0.293833,4262.31,454849.5,1454849.5
2025-10-27,2025-10-28,test,4,0.823092,0.435125,0.15,0.285125,4148.14,458997.64,1458997.64
2025-10-28,2025-10-29,test,4,0.825506,0.4248,0.15,0.2748,4009.33,463006.96,1463006.96
2025-10-29,2025-10-30,test,11,0.82192,0.190582,0.15,0.040582,593.71,463600.68,1463600.68
2025-10-30,2025-10-31,test,6,0.816368,0.540017,0.15,0.390017,5708.29,469308.96,1469308.96
2025-10-31,2025-11-03,test,2,0.806504,0.2774,0.15,0.1274,1871.9,471180.86,1471180.86
2025-11-03,2025-11-04,test,4,0.81519,0.30705,0.15,0.15705,2310.49,473491.35,1473491.35
2025-11-04,2025-11-06,test,3,0.817232,-0.082433,0.15,-0.232433,-3424.89,470066.47,1470066.47
2025-11-06,2025-11-07,test,3,0.822229,-0.490833,0.15,-0.640833,-9420.68,460645.79,1460645.79
2025-11-07,2025-11-10,test,4,0.83994,0.159525,0.15,0.009525,139.13,460784.92,1460784.92
2025-11-10,2025-11-11,test,3,0.818988,1.077,0.15,0.927,13541.48,474326.39,1474326.39
2025-11-11,2025-11-12,test,6,0.814928,0.389867,0.15,0.239867,3536.42,477862.81,1477862.81
2025-11-12,2025-11-13,test,3,0.876177,1.007333,0.15,0.857333,12670.21,490533.02,1490533.02
2025-11-13,2025-11-14,test,1,0.87415,0.382,0.15,0.232,3458.04,493991.06,1493991.06
2025-11-14,2025-11-17,test,13,0.822245,0.374754,0.15,0.224754,3357.8,497348.86,1497348.86
2025-11-17,2025-11-18,test,5,0.829489,0.19312,0.15,0.04312,645.66,497994.52,1497994.52
2025-11-18,2025-11-19,test,2,0.845982,0.27795,0.15,0.12795,1916.68,499911.2,1499911.2
2025-11-19,2025-11-20,test,8,0.817016,0.550312,0.15,0.400312,6004.33,505915.53,1505915.53
2025-11-20,2025-11-21,test,6,0.825021,-0.1632,0.15,-0.3132,-4716.53,501199.01,1501199.01
2025-11-21,2025-11-24,test,1,0.890406,0.8024,0.15,0.6524,9793.82,510992.83,1510992.83
2025-11-24,2025-11-25,test,2,0.878825,0.3938,0.15,0.2438,3683.8,514676.63,1514676.63
2025-11-25,2025-11-26,test,2,0.849464,0.66795,0.15,0.51795,7845.27,522521.9,1522521.9
2025-11-26,2025-11-27,test,2,0.855534,0.6029,0.15,0.4529,6895.5,529417.4,1529417.4
2025-11-27,2025-11-28,test,2,0.804014,0.1532,0.15,0.0032,48.94,529466.34,1529466.34
2025-11-28,2025-12-01,test,2,0.8241,0.43655,0.15,0.28655,4382.69,533849.03,1533849.03
2025-12-01,2025-12-02,test,2,0.858517,1.1551,0.15,1.0051,15416.72,549265.74,1549265.74
2025-12-02,2025-12-03,test,1,0.913966,0.1974,0.15,0.0474,734.35,550000.09,1550000.09
2025-12-03,2025-12-04,test,3,0.849916,0.5206,0.15,0.3706,5744.3,555744.39,1555744.39
2025-12-04,2025-12-05,test,2,0.875325,-0.2205,0.15,-0.3705,-5764.03,549980.36,1549980.36
2025-12-05,2025-12-08,test,1,0.871193,-0.3704,0.15,-0.5204,-8066.1,541914.26,1541914.26
2025-12-08,2025-12-09,test,2,0.812919,0.0533,0.15,-0.0967,-1491.03,540423.23,1540423.23
2025-12-09,2025-12-10,test,6,0.843004,0.538633,0.15,0.388633,5986.6,546409.83,1546409.83
2025-12-10,2025-12-11,test,2,0.841313,0.1885,0.15,0.0385,595.37,547005.2,1547005.2
2025-12-11,2025-12-12,test,2,0.856903,0.29965,0.15,0.14965,2315.09,549320.29,1549320.29
2025-12-12,2025-12-15,test,2,0.853953,0.76025,0.15,0.61025,9454.73,558775.02,1558775.02
2025-12-15,2025-12-16,test,1,0.835186,0.3524,0.15,0.2024,3154.96,561929.98,1561929.98
2025-12-16,2025-12-17,test,1,0.850644,0.0,0.15,-0.15,-2342.89,559587.08,1559587.08
2025-12-17,2025-12-18,test,1,0.868221,0.3594,0.15,0.2094,3265.78,562852.86,1562852.86
2025-12-18,2025-12-19,test,1,0.895956,1.0619,0.15,0.9119,14251.66,577104.51,1577104.51
2025-12-19,2025-12-22,test,2,0.852025,1.19095,0.15,1.04095,16416.87,593521.38,1593521.38
2025-12-22,2025-12-23,test,2,0.833665,0.298,0.15,0.148,2358.41,595879.8,1595879.8
2025-12-23,2025-12-24,test,1,0.868123,0.0833,0.15,-0.0667,-1064.45,594815.34,1594815.34
2025-12-24,2025-12-26,test,0,0.0,0.0,0.0,0.0,0.0,594815.34,1594815.34
2025-12-26,2025-12-29,test,1,0.887274,0.335,0.15,0.185,2950.41,597765.75,1597765.75
2025-12-29,2025-12-30,test,1,0.891752,-0.2508,0.15,-0.4008,-6403.85,591361.91,1591361.91
2025-12-30,2025-12-31,test,3,0.851484,0.567833,0.15,0.417833,6649.24,598011.15,1598011.15
2025-12-31,2026-01-01,test,0,0.0,0.0,0.0,0.0,0.0,598011.15,1598011.15
2026-01-01,2026-01-02,test,5,0.837192,0.51462,0.15,0.36462,5826.67,603837.82,1603837.82
2026-01-02,2026-01-05,test,5,0.815484,0.26966,0.15,0.11966,1919.15,605756.97,1605756.97
2026-01-05,2026-01-06,test,1,0.809898,0.2625,0.15,0.1125,1806.48,607563.44,1607563.44
2026-01-06,2026-01-07,test,4,0.85291,0.4191,0.15,0.2691,4325.95,611889.4,1611889.4
2026-01-07,2026-01-08,test,2,0.832091,0.04365,0.15,-0.10635,-1714.24,610175.15,1610175.15
2026-01-08,2026-01-09,test,1,0.849514,6.087,0.15,5.937,95596.1,705771.25,1705771.25
2026-01-09,2026-01-12,test,1,0.883969,1.1545,0.15,1.0045,17134.47,722905.72,1722905.72
2026-01-12,2026-01-13,test,1,0.83652,0.5333,0.15,0.3833,6603.9,729509.62,1729509.62
2026-01-13,2026-01-14,test,1,0.859823,0.2778,0.15,0.1278,2210.31,731719.94,1731719.94
2026-01-14,2026-01-16,test,1,0.885413,0.1805,0.15,0.0305,528.17,732248.11,1732248.11
2026-01-16,2026-01-19,test,1,0.84712,0.0,0.15,-0.15,-2598.37,729649.74,1729649.74
2026-01-19,2026-01-20,test,1,0.866535,0.0944,0.15,-0.0556,-961.69,728688.05,1728688.05
2026-01-20,2026-01-21,test,1,0.844866,0.0,0.15,-0.15,-2593.03,726095.02,1726095.02
2026-01-21,2026-01-22,test,2,0.854976,3.8577,0.15,3.7077,63998.43,790093.45,1790093.45
2026-01-22,2026-01-23,test,10,0.825234,0.44062,0.15,0.29062,5202.37,795295.82,1795295.82
2026-01-23,2026-01-27,test,2,0.80637,0.07575,0.15,-0.07425,-1333.01,793962.81,1793962.81
2026-01-27,2026-01-28,test,12,0.835457,1.128525,0.15,0.978525,17554.37,811517.18,1811517.18
2026-01-28,2026-01-29,test,25,0.835042,0.905284,0.15,0.755284,13682.1,825199.28,1825199.28
2026-01-29,2026-01-30,test,5,0.821523,-1.3014,0.15,-1.4514,-26490.94,798708.34,1798708.34
2026-01-30,2026-02-01,test,4,0.857624,0.289275,0.15,0.139275,2505.15,801213.49,1801213.49
2026-02-01,2026-02-02,test,4,0.845502,-0.50185,0.15,-0.65185,-11741.21,789472.28,1789472.28
2026-02-02,2026-02-03,test,12,0.827554,5.315192,0.15,5.165192,92429.67,881901.95,1881901.95
2026-02-03,2026-02-04,test,25,0.838667,0.132276,0.15,-0.017724,-333.55,881568.41,1881568.41
2026-02-04,2026-02-05,test,11,0.820968,0.204409,0.15,0.054409,1023.74,882592.15,1882592.15
2026-02-05,2026-02-06,test,5,0.835778,0.47872,0.15,0.32872,6188.46,888780.61,1888780.61
2026-02-06,2026-02-09,test,5,0.827888,0.83728,0.15,0.68728,12981.21,901761.82,1901761.82
2026-02-09,2026-02-10,test,21,0.820995,0.425833,0.15,0.275833,5245.69,907007.51,1907007.51
2026-02-10,2026-02-11,test,13,0.820455,0.439362,0.15,0.289362,5518.15,912525.66,1912525.66
2026-02-11,2026-02-12,test,8,0.818942,0.106212,0.15,-0.043787,-837.45,911688.21,1911688.21
2026-02-12,2026-02-13,test,5,0.826954,-0.54,0.15,-0.69,-13190.65,898497.56,1898497.56
2026-02-13,2026-02-16,test,1,0.829487,-0.4425,0.15,-0.5925,-11248.6,887248.96,1887248.96
2026-02-16,2026-02-17,test,8,0.8172,-0.008325,0.15,-0.158325,-2987.99,884260.98,1884260.98
2026-02-17,2026-02-18,test,4,0.832229,0.3631,0.15,0.2131,4015.36,888276.34,1888276.34
2026-02-18,2026-02-19,test,7,0.833218,0.115857,0.15,-0.034143,-644.71,887631.63,1887631.63
2026-02-19,2026-02-20,test,0,0.0,0.0,0.0,0.0,0.0,887631.63,1887631.63
2026-02-20,2026-02-23,test,0,0.0,0.0,0.0,0.0,0.0,887631.63,1887631.63
2026-02-23,2026-02-24,test,14,0.830165,-0.174343,0.15,-0.324343,-6122.4,881509.23,1881509.23
2026-02-24,2026-02-25,test,24,0.827338,-0.084362,0.15,-0.234362,-4409.55,877099.68,1877099.68
2026-02-25,2026-02-26,test,10,0.818231,0.24784,0.15,0.09784,1836.55,878936.23,1878936.23
2026-02-26,2026-02-27,test,2,0.830851,-0.04455,0.15,-0.19455,-3655.47,875280.76,1875280.76
2026-02-27,2026-03-02,test,2,0.834159,-2.22315,0.15,-2.37315,-44503.23,830777.53,1830777.53
2026-03-02,2026-03-04,test,5,0.838868,-2.0084,0.15,-2.1584,-39515.5,791262.03,1791262.03
2026-03-04,2026-03-05,test,4,0.820906,0.479125,0.15,0.329125,5895.49,797157.52,1797157.52
2026-03-05,2026-03-06,test,3,0.825825,0.244967,0.15,0.094967,1706.7,798864.22,1798864.22
2026-03-06,2026-03-09,test,1,0.864494,-1.6899,0.15,-1.8399,-33097.3,765766.92,1765766.92
2026-03-09,2026-03-10,test,11,0.824314,1.711218,0.15,1.561218,27567.47,793334.39,1793334.39
2026-03-10,2026-03-11,test,25,0.828167,0.477852,0.15,0.327852,5879.48,799213.88,1799213.88
2026-03-11,2026-03-12,test,0,0.0,0.0,0.0,0.0,0.0,799213.88,1799213.88
2026-03-12,2026-03-13,test,5,0.82984,-0.2541,0.15,-0.4041,-7270.62,791943.25,1791943.25
2026-03-13,2026-03-16,test,3,0.847962,-0.295767,0.15,-0.445767,-7987.89,783955.37,1783955.37
2026-03-16,2026-03-17,test,2,0.873014,0.91385,0.15,0.76385,13626.74,797582.11,1797582.11
2026-03-17,2026-03-18,test,6,0.819623,0.345533,0.15,0.195533,3514.87,801096.98,1801096.98
2026-03-18,2026-03-19,test,6,0.835008,-1.024267,0.15,-1.174267,-21149.68,779947.3,1779947.3
2026-03-19,2026-03-20,test,12,0.821171,1.190042,0.15,1.040042,18512.19,798459.5,1798459.5
2026-03-20,2026-03-23,test,4,0.836055,-1.753975,0.15,-1.903975,-34242.22,764217.28,1764217.28
2026-03-23,2026-03-24,test,4,0.827294,2.60625,0.15,2.45625,43333.59,807550.86,1807550.86
2026-03-24,2026-03-25,test,2,0.846755,1.8186,0.15,1.6686,30160.79,837711.66,1837711.66
2026-03-25,2026-03-27,test,5,0.824745,-0.39506,0.15,-0.54506,-10016.63,827695.03,1827695.03
2026-03-27,2026-03-30,test,1,0.84093,-1.3498,0.15,-1.4998,-27411.77,800283.26,1800283.26
2026-03-30,2026-04-01,test,5,0.82728,2.85356,0.15,2.70356,48671.74,848954.99,1848954.99
2026-04-01,2026-04-02,test,22,0.827967,-1.469973,0.15,-1.619973,-29952.57,819002.43,1819002.43
2026-04-02,2026-04-06,test,2,0.827775,0.11655,0.15,-0.03345,-608.46,818393.97,1818393.97
2026-04-06,2026-04-07,test,13,0.819361,-0.8498,0.15,-0.9998,-18180.3,800213.67,1800213.67
2026-04-07,2026-04-08,test,8,0.821175,2.7842,0.15,2.6342,47421.23,847634.9,1847634.9
2026-04-08,2026-04-09,test,25,0.873562,0.119048,0.15,-0.030952,-571.88,847063.02,1847063.02
2026-04-09,2026-04-10,test,10,0.827041,0.98712,0.15,0.83712,15462.13,862525.15,1862525.15
2026-04-10,2026-04-13,test,14,0.820156,-1.505357,0.15,-1.655357,-30831.44,831693.71,1831693.71
2026-04-13,2026-04-15,test,3,0.828099,1.7269,0.15,1.5769,28883.98,860577.69,1860577.69
2026-04-15,2026-04-16,test,14,0.822547,0.863736,0.15,0.713736,13279.61,873857.29,1873857.29
2026-04-16,2026-04-17,test,18,0.822643,0.555722,0.15,0.405722,7602.66,881459.95,1881459.95
2026-04-17,2026-04-20,test,14,0.831502,0.5985,0.15,0.4485,8438.35,889898.3,1889898.3
2026-04-20,2026-04-21,test,5,0.810241,0.37154,0.15,0.22154,4186.88,894085.18,1894085.18
2026-04-21,2026-04-22,test,13,0.82222,0.053077,0.15,-0.096923,-1835.81,892249.37,1892249.37
2026-04-22,2026-04-23,test,22,0.821295,0.206391,0.15,0.056391,1067.06,893316.43,1893316.43
2026-04-23,2026-04-24,test,23,0.821762,0.206152,0.15,0.056152,1063.14,894379.57,1894379.57
2026-04-24,2026-04-27,test,3,0.834683,0.851733,0.15,0.701733,13293.49,907673.06,1907673.06
2026-04-27,2026-04-28,test,13,0.82971,0.261854,0.15,0.111854,2133.81,909806.86,1909806.86
2026-04-28,2026-04-29,test,6,0.855924,1.509167,0.15,1.359167,25957.46,935764.32,1935764.32
2026-04-29,2026-04-30,test,10,0.82083,-0.56128,0.15,-0.71128,-13768.7,921995.62,1921995.62
2026-04-30,2026-05-04,test,16,0.833632,1.223006,0.15,1.073006,20623.13,942618.75,1942618.75
2026-05-04,2026-05-05,test,25,0.835015,0.143652,0.15,-0.006348,-123.32,942495.43,1942495.43
2026-05-05,2026-05-06,test,21,0.822072,1.248057,0.15,1.098057,21329.71,963825.14,1963825.14
2026-05-06,2026-05-07,test,18,0.815951,0.62125,0.15,0.47125,9254.53,973079.67,1973079.67
2026-05-07,2026-05-08,test,25,0.819633,0.266016,0.15,0.116016,2289.09,975368.76,1975368.76
2026-05-08,2026-05-11,test,6,0.821588,-0.925117,0.15,-1.075117,-21237.52,954131.24,1954131.24
2026-05-11,2026-05-12,test,12,0.832081,-0.229692,0.15,-0.379692,-7419.67,946711.57,1946711.57
2026-05-12,2026-05-13,test,13,0.83025,0.125646,0.15,-0.024354,-474.1,946237.47,1946237.47
2026-05-13,2026-05-14,test,9,0.81479,0.937433,0.15,0.787433,15325.32,961562.79,1961562.79
2026-05-14,2026-05-15,test,25,0.839476,0.688724,0.15,0.538724,10567.41,972130.2,1972130.2
2026-05-15,2026-05-18,test,1,0.80641,0.0,0.15,-0.15,-2958.2,969172.0,1969172.0
2026-05-18,2026-05-19,test,16,0.818867,0.554106,0.15,0.404106,7957.55,977129.55,1977129.55
2026-05-19,2026-05-20,test,4,0.826219,-0.44415,0.15,-0.59415,-11747.12,965382.44,1965382.44
2026-05-20,2026-05-21,test,22,0.820537,0.908191,0.15,0.758191,14901.35,980283.79,1980283.79
2026-05-21,2026-05-22,test,11,0.820454,0.656827,0.15,0.506827,10036.62,990320.4,1990320.4
2026-05-22,2026-05-25,test,7,0.825733,0.966229,0.15,0.816229,16245.56,1006565.97,2006565.97
2026-05-25,2026-05-26,test,25,0.825084,0.301676,0.15,0.151676,3043.48,1009609.45,2009609.45
2026-05-26,2026-05-27,test,16,0.827376,0.483444,0.15,0.333444,6700.92,1016310.36,2016310.36
2026-05-27,2026-05-29,test,25,0.843051,0.455152,0.15,0.305152,6152.81,1022463.18,2022463.18
2026-05-29,2026-06-01,test,7,0.854721,0.470157,0.15,0.320157,6475.06,1028938.24,2028938.24
2026-06-01,2026-06-02,test,6,0.843138,-0.086167,0.15,-0.236167,-4791.68,1024146.56,2024146.56
2026-06-02,2026-06-03,test,18,0.821118,0.109033,0.15,-0.040967,-829.23,1023317.34,2023317.34
2026-06-03,2026-06-04,test,8,0.833159,-0.17085,0.15,-0.32085,-6491.81,1016825.52,2016825.52
2026-06-04,2026-06-05,test,4,0.838376,0.74175,0.15,0.59175,11934.57,1028760.09,2028760.09
2026-06-05,2026-06-08,test,4,0.843283,-1.205125,0.15,-1.355125,-27492.24,1001267.85,2001267.85
2026-06-08,2026-06-09,test,0,0.0,0.0,0.0,0.0,0.0,1001267.85,2001267.85
2026-06-09,2026-06-10,test,13,0.825703,0.317762,0.15,0.167762,3357.36,1004625.21,2004625.21
2026-06-10,2026-06-11,test,2,0.861644,-0.09115,0.15,-0.24115,-4834.15,999791.06,1999791.06
2026-06-11,2026-06-12,test,4,0.832849,1.45985,0.15,1.30985,26194.26,1025985.32,2025985.32
2026-06-12,2026-06-15,test,15,0.82139,2.171587,0.15,2.021587,40957.05,1066942.37,2066942.37
2026-06-15,2026-06-16,test,11,0.821385,0.523555,0.15,0.373555,7721.16,1074663.52,2074663.52
2026-06-16,2026-06-17,test,5,0.832297,0.38488,0.15,0.23488,4872.97,1079536.49,2079536.49
2026-06-17,2026-06-18,test,19,0.825801,0.440858,0.15,0.290858,6048.5,1085584.99,2085584.99
2026-06-18,2026-06-19,test,13,0.829231,-0.011969,0.15,-0.161969,-3378.01,1082206.98,2082206.98
2026-06-19,2026-06-22,test,4,0.826849,0.4261,0.15,0.2761,5748.97,1087955.96,2087955.96
2026-06-22,2026-06-23,test,3,0.812167,0.097467,0.15,-0.052533,-1096.87,1086859.09,2086859.09
2026-06-23,2026-06-24,test,2,0.8269,0.0546,0.15,-0.0954,-1990.86,1084868.22,2084868.22
2026-06-24,2026-06-25,test,5,0.819344,0.51548,0.15,0.36548,7619.78,1092488.0,2092488.0
2026-06-25,2026-06-29,test,6,0.824793,0.069183,0.15,-0.080817,-1691.08,1090796.92,2090796.92
2026-06-29,2026-06-30,test,5,0.834648,-0.45802,0.15,-0.60802,-12712.46,1078084.46,2078084.46
